BTA_BlackMarket_Mechs_IS_Light,,,
XXX,Mech,1,7
XXX,Mech,1,7
XXX,Mech,1,7
XXX,Mech,1,7
XXX,Mech,1,7
XXX,Mech,1,7
XXX,Mech,1,7
XXX,Mech,1,7
XXX,Mech,1,7
XXX,Mech,1,7
XXX,Mech,1,7
XXX,Mech,1,7
XXX,Mech,1,7
XXX,Mech,1,7
XXX,Mech,1,7
XXX,Mech,1,7
XXX,Mech,1,7
XXX,Mech,1,7
XXX,Mech,1,7
XXX,Mech,1,7
XXX,Mech,1,7
XXX,Mech,1,7
XXX,Mech,1,7
XXX,Mech,1,7
XXX,Mech,1,7
XXX,Mech,1,7
XXX,Mech,1,7
XXX,Mech,1,7
XXX,Mech,1,7
XXX,Mech,1,7
XXX,Mech,1,7
XXX,Mech,1,7
XXX,Mech,1,7
XXX,Mech,1,7
XXX,Mech,1,7
XXX,Mech,1,7
XXX,Mech,1,7
XXX,Mech,1,7
XXX,Mech,1,7
XXX,Mech,1,7
XXX,Mech,1,7
XXX,Mech,1,7
XXX,Mech,1,7
XXX,Mech,1,7
XXX,Mech,1,7
XXX,Mech,1,7
XXX,Mech,1,7
XXX,Mech,1,7
XXX,Mech,1,7
XXX,Mech,1,7
XXX,Mech,1,7
XXX,Mech,1,7
XXX,Mech,1,7
XXX,Mech,1,7
XXX,Mech,1,7
XXX,Mech,1,7
XXX,Mech,1,7
XXX,Mech,1,7
XXX,Mech,1,7
XXX,Mech,1,7
XXX,Mech,1,7
XXX,Mech,1,7
XXX,Mech,1,7
XXX,Mech,1,7
XXX,Mech,1,7
XXX,Mech,1,7
XXX,Mech,1,7
XXX,Mech,1,7
XXX,Mech,1,7
XXX,Mech,1,7
XXX,Mech,1,7
XXX,Mech,1,7
XXX,Mech,1,7
XXX,Mech,1,7
XXX,Mech,1,7
XXX,Mech,1,7
XXX,Mech,1,7
XXX,Mech,1,7
XXX,Mech,1,7
XXX,Mech,1,7
XXX,Mech,1,7
XXX,Mech,1,7
